{"acc": 0.0039495897418775905, "loss": 1.0462128311033956, "_timestamp": 1691072360.11951, "_runtime": 3.1902689933776855, "_step": 7, "_wandb": {"runtime": 2}}